Composer,Piece
Adams,China Gates
Adès,Three Mazurkas Op.27
AlbEniz,El Albaicin from Iberia Book III
AlbEniz,El puerto from Iberia Book I
AlbEniz,Evocacion from Iberia Book I
AlbEniz,Fete-Dieu a SEville from Iberia Book I
AlbEniz,Iberia Book I
AlbEniz,Iberia Book II
AlbEniz,Navarra
AlbEniz,Rondena from Iberia Book II
AlbEniz,Triana from Iberia Book II
Alkan,Symphony for Piano Solo Op.39 Nos.4-7
Auerbach,Prelude in D Minor Op.41 No.24
Babajanian,Poem for Piano in C-sharp major
Babajanian,Six Pictures
Bacewicz,sonata 2
Bach,Bach. 'The Art of Fugue' (2 selections)
Bach,Capriccio on the Departure of a Beloved Brother BWV 992
Bach,Chaconne in D minor
Bach,Chromatic Fantasy and Fugue BWV 903
Bach,Contrapunctus I IV II XIIIb XIIIa V IX from The Art of Fugue BWV 1080
Bach,English Suite No.1 in A Major BWV 806
Bach,English Suite No.2 in A minor BWV 807
Bach,English Suite No.3 in G minor BWV 808
Bach,English Suite No.5 in E minor BWV810
Bach,English Suite No.6 in D minor BWV 811
Bach,Excerpts fromLittle Preludes and FuguesandKlavierbuchlein fur W. F. Bach
Bach,Fantasia and Fugue in A Minor BWV 904
Bach,French Overture BWV 831
Bach,French Suite No.5 in G Major BWV 816
Bach,Goldberg Variations BWV 988
Bach,Italian Concerto BWV 971
Bach,Keyboard Concerto No.1 in D minor BWV 1052
Bach,Overture in the French Style BWV 831
Bach,Partita No.1 in B-flat major BWV 825
Bach,Partita No.2 in C Minor BWV 826
Bach,Partita No.4 in D Major BWV 828
Bach,Partita No.5 in G Major BWV 829
Bach,Partita No.6 in E Minor BWV 830
Bach,Piano Concerto in D Minor BWV 1052
Bach,Prelude and Fugue G minor BWV 885
Bach,Prelude and Fugue in A minor BWV 865
Bach,Prelude and Fugue in A minor BWV 889
Bach,Prelude and Fugue in A-flat major BWV 862
Bach,Prelude and Fugue in A-flat major BWV 886
Bach,Prelude and Fugue in A-flat majorBWV 862
Bach,Prelude and Fugue in B major BWV 868
Bach,Prelude and Fugue in B major BWV 892
Bach,Prelude and Fugue in B minor BWV 869
Bach,Prelude and Fugue in B minor BWV 893
Bach,Prelude and Fugue in B-flat major BWV 866
Bach,Prelude and Fugue in B-flat majorBWV 890
Bach,Prelude and Fugue in B-flat Minor BWV 867
Bach,Prelude and Fugue in B-flat minor BWV 891
Bach,Prelude and Fugue in C- flat minor BWV 849
Bach,Prelude and Fugue in C major BWV 846
Bach,Prelude and Fugue in C major BWV 870
Bach,Prelude and Fugue in C minor BWV 846
Bach,Prelude and Fugue in C minor BWV 847
Bach,Prelude and Fugue in C minor BWV 871
Bach,Prelude and Fugue in C-sharp major BWV 848
Bach,Prelude and Fugue in C-sharp major BWV 872
Bach,Prelude and Fugue in C-sharp minor BWV 849
Bach,Prelude and Fugue in C-sharp minor BWV 873
Bach,Prelude and Fugue in C-sharp minor BWV873
Bach,Prelude and Fugue in C-sharp minorBWV 873
Bach,Prelude and Fugue in D major BWV 874
Bach,Prelude and Fugue in D minor BWV 875
Bach,Prelude and Fugue in D-sharp minor BWV 877
Bach,Prelude and Fugue in E major BWV 878
Bach,Prelude and Fugue in E majorBWV 878
Bach,Prelude and Fugue in E minor BWV 879
Bach,Prelude and Fugue in E minorBWV 879
Bach,Prelude and Fugue in E-flat Major BWV 852
Bach,Prelude and Fugue in E-flat Minor BWV 853
Bach,Prelude and Fugue in E-flat minorBWV 853
Bach,Prelude and Fugue in F major BWV 880
Bach,Prelude and Fugue in F minor BWV 881
Bach,Prelude and Fugue in F-sharp major BWV 882
Bach,Prelude and Fugue in G major BWV 860
Bach,Prelude and Fugue in G minor BWV 861
Bach,Prelude and Fugue in G minor BWV 885
Bach,Prelude and Fugue in G-sharp minor BWV 849
Bach,Prelude and Fugue in G-sharp minor BWV 863
Bach,Prelude and Fuguein E-flat minor BWV 853
Bach,Prelude Gavotte and Gigue from 'Violin Partita' in E minor
Bach,Ricercar a 3  from The Musical Offering BWV 1079
Bach,'The Art of Fugue'I IV II V IX —Contrapunctus BWV 1080
Bach,Toccata in C Minor BWV 911
Bach,Toccata in D Major BWV 912
Bach,Toccata in D Minor BWV 913
Bach,Toccata in E Minor BWV 914
Bach,Toccata in F-sharp minor BWV 910
Bach,Toccata in G Major BWV 916
Bach,Toccata in G Minor BWV 915
Bach-Busoni,Adagio in A Minor BWV 564
Bach-Busoni,Chaconne in D Minor
Bach-Busoni,In dir ist Freude BWV 615
Bach-Busoni,Komm Gott Schopfer Heiliger Geist BWV 631
Bach-Busoni,Nun freut euch lieben Christen gemein BWV 734
Bach-Busoni,Nun komm der Heiden Heiland BWV 659
Bach-Busoni,Organ Toccata in C major
Bach-Busoni,Toccata Adagio and Fugue in C Major BWV 564
Bach-Busoni,Toccata and Fugue in D minor BWV565
Bach-Busoni,Wachet auf ruft uns die Stimme BWV 645
Bach-Feinberg,Largofrom the Organ Sonata in C major
Bach-Kempff,Siciliana from Sonata No.2 for fluteBWV 1031
Bach-Kempff,Siciliano BWV 1031
Bach-Liszt,Fantasia and Fugue in G Minor BWV 542
Bach-Liszt,Prelude and Fugue in A Minor BWV 543
Bach-Petri,Schafe konnen sicher weiden BWV 208
Bach-Petri,Sheep May Safely Graze
Bach-Rudy Lutz,Chaconne in D Minor
Bach-Saint-Saëns,Overture to Cantata No.29
Bach-Siloti,Prelude in B Minor
Balakirev,Islamey
Balakirev,Nocturne No.3 in D minor
Balakirev,Scherzo No.3 in F-sharp major
Barber,Ballade Op.46
Barber,Excursions
Barber,Sonata Op.26
Bartok,Sonata Sz. 80
Bartok,Etude Op.18 No.1
Bartok,Etude Op.18 No.3
Bartok,Improvisations on Hungarian Peasant Songs
Bartok,Out of Doors
Bartok,Piano Concerto No.2
Bartok,Piano Concerto no.3
Bartok,Sonata Sz. 80
Bartok,SonataSz. 80
Bartok,SonataSz.80
Bartok,Suite Op.14
Bartok,Three Etudes Op.18
Bates,White Lies for Lomax
Beethoven,32 Variations in C Minor WoO 80
Beethoven,33 Variations on a Waltz by Diabelli Op.120
Beethoven,Andante favori in F Major WoO 57
Beethoven,Fantasia in G Minor Op.77
Beethoven,Piano Concerto No.1 in C Major Op.15
Beethoven,Piano Concerto No.2 in B-flat Major Op.19
Beethoven,Piano Concerto No.3 in C Minor Op.37
Beethoven,Piano Concerto No.4 in G Major Op.58
Beethoven,Piano Concerto No.5 in E-flat Major Op.73
Beethoven,Rondo in G Major Op.51 No.2
Beethoven,Seven Bagatelles Op.33
Beethoven,Six Bagatelles Op.126
Beethoven,Six Variations on an Original Theme in F Major Op.34
Beethoven,Sonata in A Major Op.101
Beethoven,Sonata in A major Op.2 No.2
Beethoven,sonata in A-flat major op 110
Beethoven,Sonata in A-flat Major Op.110
Beethoven,"Sonata in B-flat major Op.106 ""Hammerklavier"""
Beethoven,Sonata in B-flat major Op.22
Beethoven,Sonata in C Major Op.2 No.3
Beethoven,Sonata in C major Op.53
Beethoven,"Sonata in C major Op.53 ""Waldstein"""
Beethoven,Sonata in C minor Op.111
Beethoven,Sonata in C minor Op.13 PathEtique
Beethoven,Sonata in C minor Op.13PathEtique
Beethoven,Sonata in C-sharp minor Op.27 No.2
Beethoven,Sonata in D Major Op.10 No.3
Beethoven,Sonata in D major Op.28
Beethoven,"Sonata in D minor op.31 no.2 ""Tempest"""
Beethoven,Sonata in E major Op.109
Beethoven,Sonata in E Major Op.14 No.1
Beethoven,Sonata in E minor Op.90
Beethoven,Sonata in E-flat major Op.27 No.1
Beethoven,sonata in E-flat major Op.31 no.1
Beethoven,Sonata in E-flat major Op.31 No.3
Beethoven,Sonata in E-flat Major Op.7
Beethoven,"Sonata in E-flat major op.81a ""Les Adieux"""
Beethoven,Sonata in F major Op.10 No.2
Beethoven,Sonata in F major Op.54
Beethoven,Sonata in F major Op.7
Beethoven,Sonata in F minor op.2 no.1
Beethoven,"Sonata in F Minor Op.57 ""Appassionata"""
Beethoven,Sonata in F-sharp Major Op.78
Beethoven,Sonata in G Major Op.14 No.2
Beethoven,Sonata in G Major Op.31 No.1
Beethoven,Sonata No.3 in C Major Op.2 No.3
Beethoven,Sonata No.31 in A-flat Major Op.110
Beethoven,Sonata No.32 in C Minor Op.111
Beethoven,Sonatain C Minor Op.111
Beethoven,"Variations and Fugue in E-flat Major Op.35 (""Eroica"")"
Beethoven,Variations on a Theme by Sußmayr WoO 76
Beethoven-Liszt,Adelaide S. 466 No.3
Beethoven-Liszt,Symphony No.2
Berg,Sonata Op.1
Berio,Three Pastorales (Wasserklavier(1965) Erdenklavier(1971) Feuerklavier(1989))
Berlioz-Liszt,"FromSymphonie fantastique: ""Marche au supplice "" ""Songe d'une nuit de sabbat"""
Bernstein,Touches
Bolcom,Nine Bagatelles
Bortkiewicz,10 Preludes Op.33
Boucourechliev,Orion.3
Boulez,Douze Notations
Boulez,'Incises' (version 2001)
Boulez,Sonata No.2
Bowen,Toccata Op.155
Brahms,
Brahms,Ballade in G minor Op.118 No.3
Brahms,Fantasies Op.116
Brahms,Four Ballades Op.10
Brahms,Intermezzo in A Major Op.118 No.2
Brahms,Intermezzo in A minor Op.118 No.1
Brahms,Intermezzo in B-flat minor Op.117 No.2
Brahms,Intermezzo in E-flat major Op.118 No.6
Brahms,Intermezzo in F minor Op.118 No.4
Brahms,Klavierstucke in A Major Op.118 No.2
Brahms,Klavierstucke Op.118
Brahms,Klavierstucke Op.119
Brahms,Klavierstucke Op.76
Brahms,Paganini Variations Op.35 Book 1
Brahms,Piano Concerto No.1 in D minor Op.15
Brahms,Piano Concerto No.2 in B-flat Major Op.83
Brahms,Piano Concerto. 1 in D Minor Op.15
Brahms,Piano Quartet No.2 in A major Op.26
Brahms,Piano Quintet in F minor Op.32
Brahms,Piano Quintet in F Minor Op.34
Brahms,Rhapsody in B Minor Op.79 No.1
Brahms,Sechs Klavierstucke Op.118
Brahms,Sonata in C major Op.1
Brahms,sonata in F minor Op.5
Brahms,Sonata in F-sharp Minor Op.2
Brahms,Sonata No.1 in C Major Op.1
Brahms,Sonata No.1 in C Op.1
Brahms,Sonata No.2 in F-sharp minor
Brahms,Sonata No.2 in F-sharp minor Op.2
Brahms,Sonata No.3 in F minor Op.5
Brahms,Sonata No.7 Op.64
Brahms,Three Intermezzi Op.117
Brahms,Two Rhapsodies Op.79
Brahms,Variations and Fugue on a Theme of Handel Op.24
Brahms,Variations on a Theme by Schumann Op.9
Brahms,Variations on a Theme of Paganini Book I
Brahms,Variations on a Theme of Paganini Book II
Brahms,Variations on a Theme of Paganini Books I and II
Brahms,Variations on an Original Theme Op.21 No.1
Britten,Piano concerto in D major Op.13
Busoni,Elegy No.4:Turandots Frauengemach
Busoni,Indianisches Tagebuch
Busoni,"Sonatina No.6 Fantasy on Themes from Bizet's ""Carmen"""
Busoni,Ten Variations on a Prelude by Chopin
C. Curtis-Smith,Four Etudes
C. Schumann,Mazurka fromSoirEes musicales Op.6
C.P.E. Bach,"Keyboard Sonata in A Minor Wq.49 No.1 (""Wurttemberg"")"
C.P.E.Bach,12 Variations on La Folie d'Espagne
Carter,CatEnaires
Chopin,3 Mazurkas Op.59
Chopin,Andante Spianato and Grande Polonaise Brillante in E-flat Major Op.22
Chopin,Andante Spianato and Grande Polonaise Brillantein E-flat major Op.22
Chopin,Ballade No.1 in G minor Op.23
Chopin,Ballade No.2 in F Major Op.38
Chopin,Ballade No.3 in A-flat Major Op.47
Chopin,Ballade No.4 in F minor Op.52
Chopin,Barcarolle in F-sharp Major Op.60
Chopin,Barcarolle Op.60
Chopin,Berceuse in D-flat Major Op.57
Chopin,Chant elegiaque Op.72 No.14
Chopin,Etude A minor Op.25 No.11
Chopin,Etude F Major Op.10 No.8
Chopin,etude in A major Op.25 no.11
Chopin,Etude in A Minor Op.10 No.2
Chopin,Etude in A Minor Op.25 No.11
Chopin,Etude in A minor Op.25 No.4
Chopin,Etude in A–flat major Op.10 No.1
Chopin,Etude in A-flat major Op.10 No.10
Chopin,Etude in A–flat major Op.10 No.10
Chopin,Etude in A-flat Major Op.25 No.1
Chopin,Etude in B minor Op.25 No.10
Chopin,Etude in C major Op.10 No.1
Chopin,Etude in C Major Op.10 No.7
Chopin,etude in C minor Op.10 No.12
Chopin,Etude in C Minor Op.25 No.12
Chopin,Etude in C-sharp minor op.10 no.4
Chopin,Etude in C-sharp Minor Op.25 No.7
Chopin,Etude in C-sharp minorOp.10 No.4
Chopin,Etude in E major Op.10 No.3
Chopin,Etude in E minor op 25 No.5
Chopin,Etude in E Minor Op.25 No.5
Chopin,Etude in E-flat Minor Op.10 No.6
Chopin,Etude in F major Op.10 No.8
Chopin,Etude in F minor Op.10 No.9
Chopin,Etude in F Minor Op.25 No.2
Chopin,Etude in G-flat major Op.10 No.5
Chopin,Etude in G-sharp Minor Op.25 No.6
Chopin,Etudein A flat major Op.10 No.10
Chopin,etudes in E major Op.10 No.3
Chopin,fantasy in F minor Op.49
Chopin,Four Mazurkas Op.24
Chopin,Four Mazurkas Op.30
Chopin,Impromptu No.1 in A-flat Major Op.29
Chopin,Impromptu No.2 in F-sharp Major Op.36
Chopin,Impromptu No.3 in G-flat Major Op.51
Chopin,Mazurka in B-flat minor Op.24 No.4
Chopin,Mazurka in G Major Op.50 No.1
Chopin,Mazurka Op.17 No.1 in B-flat major
Chopin,Mazurka Op.17 No.2 in e minor
Chopin,Mazurka Op.17 No.4 in A minor
Chopin,Mazurka Op.24 No.2
Chopin,Mazurka Op.24 No.3
Chopin,Mazurka Op.59 No.1 in A Minor
Chopin,Mazurka Op.59 No.2 in A-fllat Major
Chopin,Mazurka Op.59 No.3 in F-sharp Minor
Chopin,Nocturne in B major Op.62 No.1
Chopin,Nocturne in B Major Op.9 No.3
Chopin,Nocturne in B-flat major Op.62 No.1
Chopin,Nocturne in C minor Op.48 No.1
Chopin,Nocturne in C-sharp Minor Op.27 No.1
Chopin,Nocturne in C-sharp minor Op.Posth.
Chopin,Nocturne in D-flat major Op.27 No.2
Chopin,Nocturne in E-flat Major Op.55 No.2
Chopin,Nocturne in E-flat Major Op.9 No.2
Chopin,Nocturne in F-sharp Major Op.15 No.2
Chopin,Piano Concerto No.1 in E minor Op.11
Chopin,Piano Concerto No.2 in F Minor Op.21
Chopin,"Polonaise in A-flat Major Op.53 ""Heroic"""
Chopin,Polonaise in F-sharp minor Op.44
Chopin,Polonaise-fantasy in A-flat major Op.61
Chopin,Preludes 1-12 from24 Preludes Op.28
Chopin,Rondo a la Mazur in F Major Op.5
Chopin,Rondo in C major Op.73
Chopin,Rondo in E-flat Major Op.16
Chopin,Scherzo No.1 in B Minor Op.20
Chopin,Scherzo No.2 in B-flat Minor Op.31
Chopin,Scherzo No.3 in C-sharp Minor Op.39
Chopin,Scherzo No.4 in E major Op.54
Chopin,Sonata in B-flat minor Op.35
Chopin,Sonata in F minor Op.5
Chopin,Sonata No.2 in B-flat minor Op.35
Chopin,Sonata No.3 in B Minor Op.58
Chopin,Three Mazurkas Op.59
Chopin,Twelve Etudes Op.10
Chopin,Twelve Etudes Op.25
Chopin,Twenty-four Etudes Op.10 and Op.25
Chopin,Twenty-four Preludes Op.28
Chopin,Two Nocturnes Op.62
Chopin,Variations Brillantes in B-flat Major Op.12
Chopin,"Variations in A Major B.37 ""Souvenir de Paganini"""
Chopin,Variations on la ci darem la mano Op.2
Chopin,Variations onLa ci darem la mano Op.2
Chopin,Waltz in E-flat major Op.18
Chopin,Waltz in F major Op.34 No.3
Clementi,etude in C-sharp minor Op.10 No.4
Clementi,Sonata in B Minor Op.40 No.2
Clementi,Sonata in B-flat Major Op.24 No.2
Clementi,Sonata in D minor Op.40 No.3
Clementi,Sonata in f sharp minor Op.25 No.5
Clementi,Sonata in F-sharp Minor Op.25 No.5
Clementi,Sonata in F-sharp Minor Op.26 No.2
Copland,El Salon MExico
Copland,Piano Variations
Corigliano,Etude Fantasy
Corigliano,Fantasia on an Ostinato
Couperin,"""L'exquise"" fromVingtième ordre"
Couperin,�La Couperin� from Pi�ces de clavecin Book IV order 21
Couperin,La visionnaire
Couperin,Le Tic-Toc-Choc ou Les Maillotins
Cowell,Four Experimental Pieces
CPE Bach,Sonata in F-sharp Minor H. 37
Crumb,A Little Suite for Christmas A.D. 1979
Czerny,Variations on a Theme by Rode (La Ricordanza) Op.33
Czerny,Variations on a Theme by Rode in E-flat Major Op.33
Dallapiccola,Sonatina Canonica on Caprices of Niccolo Paganini
Daniel Kellogg,Scarlet Thread
Debussy,Berceuse heroique
Debussy,Brouillards from Preludes Book II
Debussy,Bruyères from Preludes Book II
Debussy,Ce qu'a vu le vent d'Ouest from Preludes Book I
Debussy,Danse
Debussy,Des pas sur la neige from Preludes Book I
Debussy,Estampes
Debussy,Estampes: Jardins sous la pluie
Debussy,Et la lune descend sur le temple qui fut from Images Book II
Debussy,Etude Pour les accords
Debussy,Etude Pour les agrEments
Debussy,Etude Pour les arpèges composEs
Debussy,Etude Pour les cinq doigts
Debussy,Etude Pour les degrEs chromatiques
Debussy,Etude Pour les huit doigts
Debussy,Etude Pour les notes rEpEtEes
Debussy,Etude Pour les octaves
Debussy,Etude pour les quartes
Debussy,Etude Pour les sonoritEs opposEes
Debussy,Etude Pour les tierces
Debussy,Etudes Book I
Debussy,Etudes Book II
Debussy,Etudes Pour les arpèges composEs
Debussy,Etudes Pour les cinq doigts
Debussy,Feuilles mortes from Preludes Book II
Debussy,Feux d'artifice from Preludes Book II
Debussy,Feux d'artificefromPrEludes Book II
Debussy,General Lavine - Eccentric from Preludes Book II
Debussy,Images Book I
Debussy,Images Book I: Reflets dans l'eau
Debussy,Images Book II
Debussy,Images Book II: Poissons d'or
Debussy,Images: Book II
Debussy,La cathEdrale engloutie from Preludes Book I
Debussy,La fille aux cheveux de lin from Preludes Book I
Debussy,La plus que lente from Preludes Book II
Debussy,La puerta del vino from Preludes Book II
Debussy,La sErEnade interrompue from Preludes Book I
Debussy,La terrasse des audiences du clair de lune from Preludes Book II
Debussy,Le vent dans la plaine from Preludes Book I
Debussy,Les collines d'Anacapri from Preludes Book I
Debussy,Les fEes sont d'exquises danseuses from Preludes Book II
Debussy,Les sons et les parfums tournent dans l'air du soir from Preludes Book I
Debussy,Les tierces alternEes from Preludes Book II
Debussy,L'isle joyeuse
Debussy,Minstrels from Preludes Book I
Debussy,Nocturne in D-flat major
Debussy,Ondine from Preludes Book II
Debussy,Pour le piano
Debussy,Preludes Book I
Debussy,Preludes Book II
Debussy,Reverie
Debussy,Suite Bergamasque
Debussy,Voiles from Preludes Book I
Debussy,Voilesfrom Preludes Book I
Del Tredici,Virtuoso Alice
Dohnanyi,Concert Etude in F minor Op.28 No.6
Dohnanyi,Capriccio in B Minor Op.2 No.4
Dorman,Piano Sonata No.5
Dutilleux,Sonata (1949)
Dvořak,Piano Quintet in A Major Op.31
Dvořak,Piano Quintet in A Major Op.81
Dvořak,Prelude in C-sharp minor Op.3
Dvořak-Kocsis,Vocalise
Elgar-Lee,Pomp and Circumstance
F. Mendelssohn,Easter Sonata in A Major
Falla,Fantasia Baetica
Falla,Two Dances fromThe Three-Cornered Hat
FaurE,Nocturne No.2 in B major Op.33 No.2
FaurE,Nocturne No.6 in D-flat major Op.63
Faure,Nocturne No.6 in D-flat minor Op.63
FaurE,Theme and Variations Op.73
FaurE,Valse capriceNo.2 in D-flat Major Op.38
Franck,Piano Quintet in F Minor
Franck,Prelude Chorale and Fugue
Franck-Bauer,Prelude Fugue and Variation Op.18
Frederic Rzewski,Winnsboro Cotton Mill Blues
Froberger,Aria in D Minor FbWV 636
Gershwin,Piano Concerto in F Major
Gershwin-Wild-Roe,The Man I Love
Gibbons,Lord Salisbury's Pavane
Ginastera,Danzas Argentinas Op.2
Ginastera,Sonata No.1 Op.22
Ginastera,Suite de danzas criollas
Glazunov,sonata No.1 in B-flat minor Op.74
Gluck-Sgambati,"""MElodie"" fromOrfeo ed Euridice"
Godowsky,Symphonic metamorphosis on themes from Johann Strauss'Kunstlerleben
Gould,Ghost Waltzes for Piano
Gounod-Liszt,Faust Waltz
Granados,Allegro de concierto
Granados,Goyescas: El amor y la muerte
Granados,Goyescas: El Pelele
Granados,Goyescas: Los requiebros
Granados,Goyescas: Quejas de la maja y el ruiseñor
Granados,Goyescas:Quejas de la maja y el ruiseñor
Granados,Spanish Dances Op.5: Andaluza
Granados,Spanish Dances Op.5: Arabesca
Granados,Spanish Dances Op.5: Oriental
Grieg,Butterfly Op.43 No.1
Grieg,Holberg Suite Op.40
Grieg,March of the Dwarfs Op.54 No.3
Grieg,Piano Concerto in A Minor Op.16
Grieg,The Death of Ase; 3. Anitra's dance; 4. In the Hall of the Mountain King
Grieg,To Spring Op.43 No.6
Grieg,Waltz in A Minor Op.12 No.2
Grieg,Waltz in E Minor Op.38 No.7
Grieg-Ginsburg,Suite No.1 'Peer Gynt' Op.46
Griffes,sonata A. 85
Grűnfeld,SoirEe de Vienne concert paraphrase on Strauss' waltzes Op.56
Gubaidulina,Chaconne
Gusev,Toccata No.1
Hagen,Suite for Piano
Hamelin,"Toccata on ""L'homme armE"""
Handel,Chaconne in G major
Handel,Suite in D Minor HWV 437
Handel,Suite in E minor
Handel,Suite No.2 in F Major HWV 427
Haydn,Sonata in A Major Hob. XVI:12
Haydn,Sonata in A major Hob. XVI:16
Haydn,Sonata in A Major Hob. XVI:5
Haydn,sonata in A-flat major Hob. XVI: 46
Haydn,Sonata in A-flat Major Hob. XVI:46
Haydn,Sonata in B Minor Hob. XVI:32
Haydn,Sonata in B minor Hob.XVI:32
Haydn,Sonata in B-flat Major Hob. XVI:41
Haydn,Sonata in C Major Hob. XVI:48
Haydn,Sonata in C major Hob. XVI:50
Haydn,Sonata in C major Hob.XVI:50
Haydn,Sonata in C Minor Hob. XVI:20
Haydn,sonata in D major Hob. XVI: 24
Haydn,Sonata in D major Hob. XVI:24
Haydn,Sonata in D Major Hob. XVI:33
Haydn,Sonata in D Major Hob. XVI:37
Haydn,Sonata in D Major Hob. XVI:42
Haydn,Sonata in D Major Hob.XVI:37
Haydn,Sonata in D major Hob.XVI:42
Haydn,Sonata in E major Hob. XVI:31
Haydn,Sonata in E minor Hob. XVI:34
Haydn,sonata in E-flat major Hob. XIV:52
Haydn,sonata in E-flat major Hob. XVI:45
Haydn,Sonata in E-flat major Hob. XVI:49
Haydn,Sonata in E-flat major Hob. XVI:52
Haydn,Sonata in E-flat Major Hob.XVI:52
Haydn,sonata in F major Hob. XVI: 23
Haydn,Sonata in F Major Hob. XVI:23
Haydn,Sonata in F Major Hob.XVI:23
Haydn,Sonata in G Major Hob. XVI:40
Haydn,Sonata in G Major Hob. XVI:6
Haydn,Sonata in G Major Hob.XVI:6
Haydn,sonata in G minor Hob. XVI: 44
Haydn,Variations in F Minor Hob. XVII:6
Hermann,Toccata
HEtu,Variations for Piano
Hindemith,Sonata No.3
Hindemith,"Suite ""1922"" Op.26"
Horowitz-Kuleshov,Variations on Themes from Bizet'sCarmen
Hough,Fanfare Toccata
James Mobberley,Give 'em Hell!
Jan Krzywicki,Nocturnals: II.Incantation III.Spirits
Janaček,In the Mists
Janaček,Sonata 1.X.1905
Jennifer Higdon,Secret & Glass Gardens
Jolivet,Cinq danses rituelles: Danse du HEros
Jolivet,Cinq danses rituelles: Danse nuptiale
Judith Lang Zaimont,Impronta Digitale
Kabalevsky,Rondo in A Minor Op.59
Kabalevsky,Sonata 3 in F major Op.4
Kapustin,Etude Op.40 No.1
Kapustin,Etude Op.40 No.2
Kapustin,Etude Op.40 No.6
Kapustin,Etude Op.40 No.7
Kapustin,Etude Op.40 No.8
Kapustin,"Sonata No.1 Op.39 ""Sonata-Fantasia"""
Kapustin,Variations Op.41
Karamanov,Variations for Piano
Kernis,Superstar Etude No.2
Kirchner,Interlude II
Kreisler-Rachmaninoff,Liebesfreud
Kreisler-Rachmaninoff,Liebesleid
Kurtag,"""Les adieux"" from JatEkok"
Lees,Sonata Breve
Liebermann,Gargoyles Op.29
Liebermann,Three Impromptus
Ligeti,Etude Book I No.1: DEsordre
Ligeti,Etude Book I No.2: Cordes a vide
Ligeti,Etude Book I No.4: Fanfares
Ligeti,Etude Book I No.5: Arc-en-ciel
Ligeti,Etude Book I No.6: Automne a Varsovie
Ligeti,Etude Book II No.10: Der Zauberlehrling
Ligeti,Etude Book II No.13: L'escalier du diable
Ligeti,Etude Book II No.7: Galamb borong
Ligeti,Etude Book III No.15: White on White
Ligeti,Musica ricercataNos.3 6 and 10
Liszt,Apres une lecture de Dante (Fantasia quasi sonata)
Liszt,Après une lecture de Dante (Fantasia quasi sonata)
Liszt,Au bord d'une source
Liszt,Ballade No.2 in B Minor
Liszt,BEnEdiction de Dieu dans la solitude
Liszt,Cantique d'amour
Liszt,Chester: Variations for Piano
Liszt,Concert Etude Gnomenreigen
Liszt,"Concert Etude No.2 in F Minor ""La Leggierezza"""
Liszt,"Concert Etude No.2 in F Minor""La Leggierezza"""
Liszt,Concert etude Waldesrauschen
Liszt,"ConcertEtudeNo.2inFMinor""LaLeggierezza"""
Liszt,Consolation No.3
Liszt,Die Loreley
Liszt,Fantasia in F-sharp Minor Op.28
Liszt,Fantasy and Fugue on BACH
Liszt,Faribolo Pasteur in G Minor
Liszt,FromVenezia e Napoli: Tarantella
Liszt,FunErailles
Liszt,Grosses Konzertsolo
Liszt,Hungarian Rhapsody No.10
Liszt,Hungarian Rhapsody No.11
Liszt,Hungarian Rhapsody No.12
Liszt,Hungarian Rhapsody No.2
Liszt,Hungarian Rhapsody No.6
Liszt,Hungarian Rhapsody No.8
Liszt,Hungarian Rhapsody No.9
Liszt,La Campanella
Liszt,Les cloches de Genève
Liszt,Les jeux d'eaux a la Villa d'Este
Liszt,Liebestraum No.3 in A-flat Major
Liszt,Mephisto Waltz No.1
Liszt,Nuages gris
Liszt,Orage
Liszt,Paganini Etude No.1 in G Minor
Liszt,Paganini Etude No.2 in E-flat Major
Liszt,Paganini Etude No.6 in A minor
Liszt,PensEe des morts
Liszt,Piano Concerto No.1 in E-flat Major
Liszt,Piano Concerto No.2 in A Major
Liszt,Polonaise No.2 in E Major
Liszt,REminiscences de Don Juan
Liszt,REminiscences de Norma
Liszt,Reminiscences des Puritains S.390
Liszt,Romance in E minor 'O pourquoi donc' S. 169
Liszt,Scherzo and Marsch S. 177
Liszt,Six Paganini Etudes
Liszt,Sonata in B Minor
Liszt,Sonetto 104 del Petrarca
Liszt,Sonetto 123 del Petrarca
Liszt,Sonetto del Petrarca No.123
Liszt,Spanish Rhapsody
Liszt,Sposalizio
Liszt,St. Francis d'Assise: La PrEdication aux Oiseaux
Liszt,St. François de Paule: marchant sur les flots
Liszt,St.Francisd'Assise:LaPrEdicationauxOiseaux
Liszt,Suisse
Liszt,Toccata in C Major Op.7
Liszt,Totentanz
Liszt,Transcendental Etude No.1
Liszt,Transcendental Etude No.10
Liszt,Transcendental Etude No.11
Liszt,Transcendental etude no.12
Liszt,Transcendental Etude No.2
Liszt,Transcendental Etude No.3
Liszt,Transcendental Etude No.4
Liszt,Transcendental Etude No.5
Liszt,Transcendental Etude No.6
Liszt,Transcendental Etude No.7
Liszt,Transcendental Etude No.8
Liszt,Transcendental Etude No.9
Liszt,Transcendental Etudes
Liszt,Un sospiro
Liszt,VallEe d'Obermann
Liszt,Valse oubliEe No.3
Liszt,Venezia e Napoli
Liszt-Busoni,Fantasy on Two Themes from Mozart'sMarriage of Figaro
Liszt-Busoni,Reminiscences de Don Juan
Liszt-Horowitz,Hungarian Rhapsody No.2
Liszt-Horowitz,Variations on Mendelssohn's Wedding March
Liszt-Volodos,Hungarian Rhapsody No.13
Lizt,Un sospiro
Lowell Liebermann,Three Impromptus
Lyatoshynsky,Prelude Op.38 No.3
Lyatoshynsky,Prelude Op.44 No.4
Martinu,Three Czech Dances: Okrouhlak Dupak Polka
Martinů,fantasy et Toccata
Medtner,"""Alla Reminiscenza"" fromForgotten Melodies Op.38"
Medtner,Canzona Serenada from the cycle Forgotten Melodies Op.38 No.6
Medtner,Canzona-Serenata' from 'Forgotten Melodies' Op.38
Medtner,Fairy Tale Op.26 No.3
Medtner,Fairy Tales Op.20
Medtner,Piano Concerto No.2 in C minor Op.50
Medtner,Sonata in C Major Op.11 No.3
Medtner,sonata in E minor op 25 No.2
Medtner,"Sonata in E Minor Op.25 No.2 ""Night Wind"""
Medtner,Sonata in F minor Op.5
Medtner,"Sonata in F Minor Op.53 No.2 (""Sonata minacciosa"")"
Medtner,Sonata reminiscenza Op.38 No.1
Medtner,Sonata tragica Op.39 No.5
Medtner,Three Tales Op.42
Mendelssohn,Etude in G-sharp minor Op.25 No.6
Mendelssohn,Fantasy in F-sharp Minor Op.28 (Scottish Sonata)
Mendelssohn,Fantasy in F-sharp minorOp.28
Mendelssohn,Nun freut euch lieben Christen gemein BWV 734
Mendelssohn,Piano Concerto No.1 in G Minor Op.25
Mendelssohn,Prelude and Fugue in E minor Op.35 No.1
Mendelssohn,Rondo capriccioso Op.14
Mendelssohn,Sonata in E Major Op.6
Mendelssohn,Sonata No.3 in B-flat Major Op.106
Mendelssohn,Songs without Words: Op.102 No.5 in A major
Mendelssohn,Songs without Words: Op.19 No.1 in E Major
Mendelssohn,Songs without Words: Op.67 No.2 in F-sharp Major
Mendelssohn,Variations SErieuses Op.54
Mendelssohn – Rachmaninoff,Scherzo from A Midsummer Night's Dream
Mendelssohn-Rachmaninoff,Scherzo fromA Midsummer Night's Dream
Mendelssohn-Rachmaninoff,ScherzofromAMidsummerNight'sDream
Mennin,Toccata
Messiaen,La colombe fromPrEludes
Messiaen,Le baiser de l'enfant JEsus from Vingt regards sur l'enfant JEsus
Messiaen,Le courlis cendrE fromCatalogue d'oiseaux
Messiaen,Le loriot fromCatalogue d'oiseaux
Messiaen,Première communion de la vierge from Vingt regards sur l'enfant JEsus
Messiaen,Regard de l/'Eglise d'amour from Vingt regards sur l/'enfant Jesus
Messiaen,Regard de l'Esprit de Joie from Vingt regards sur l'Enfant Jesus
Messiaen,Regard de l'Esprit de JoiefromVingt regards sur l'Enfant Jesus
Mompou,Variations on a Theme by Chopin
Moszkowski,Caprice Espagnol Op.37
Moszkowski,Etincelles
Moszkowski,Etude in A-flat major Op.72 No.11
Mozart,12 Variations in B-flat major KV 500
Mozart,Adagio in B minor K.540
Mozart,Eine kleine Gigue in G major K.574
Mozart,Fantasia in C Minor K. 396
Mozart,Fantasia in D minor K. 397
Mozart,Fantasy in C minor K.475
Mozart,Nine Variations in C major on Lison dormait K. 264
Mozart,Nine Variations in D major on a Minuet of Duport K.573
Mozart,Nine Variations on a Minuet by Duport K. 573
Mozart,Nine Variations on a Minuet by Duport K.573
Mozart,Piano Concerto 20 in D minor K. 466
Mozart,Piano Concerto 21 in C major K. 467
Mozart,Piano Concerto 24 in C minor K. 491
Mozart,Piano Concerto No.11 in F major K.413
Mozart,Piano Concerto no.12 in A major K. 414
Mozart,Piano Concerto No.13 in C Major K.415
Mozart,Piano Concerto No.15 in B-flat major K.450
Mozart,Piano Concerto No.16 in D major K.451
Mozart,Piano Concerto No.17 in G Major K.453
Mozart,Piano Concerto No.19 in F Major K. 459
Mozart,Piano Concerto No.19 in F major K.459
Mozart,Piano Concerto No.20 in D Minor K. 466
Mozart,Piano Concerto No.20 in D minor K.466
Mozart,Piano Concerto no.21 in A major K. 488
Mozart,Piano Concerto No.21 in C Major K. 467
Mozart,Piano Concerto No.21 in C major K.467
Mozart,Piano Concerto No.22 in E-flat Major K. 482
Mozart,Piano Concerto No.22 in E-flat major K.482
Mozart,Piano Concerto No.23 in A Major K. 488
Mozart,Piano Concerto No.23 in A Major K.488
Mozart,Piano Concerto No.24 in C Minor K. 491
Mozart,Piano Concerto No.24 in C Minor K.491
Mozart,Piano Concerto No.25 in C Major K. 503
Mozart,Piano Concerto No.25 in C Major K.503
Mozart,Piano Concerto No.27 in B-flat Major K. 595
Mozart,Piano Concerto No.27 in B-flat major K.595
Mozart,Piano Concerto No.9 in E-flat Major K. 271
Mozart,Piano Concerto No.9 in E-flat major K.271
Mozart,Piano Quartet in E-flat major K.493
Mozart,Rondo in A minor K.511
Mozart,Rondo in D major K.485
Mozart,Sonata in A major K. 331
Mozart,Sonata in A Major K.331
MozART,Sonata in A minor K. 310
Mozart,Sonata in A Minor K.310
Mozart,Sonata in B-flat major K. 570
Mozart,Sonata in B-flat major K.281
Mozart,Sonata in B-flat Major K.333
Mozart,Sonata in B-flat Major K.570
Mozart,sonata in B-flat minor K. 333
Mozart,sonata in C major K. 330
Mozart,Sonata in C Major K. 545
Mozart,Sonata in C Major K.330
Mozart,Sonata in C major K.545
Mozart,Sonata in C minor K. 457
Mozart,Sonata in C minor K.457
Mozart,Sonata in D Major K. 311
Mozart,Sonata in D major K. 576
Mozart,Sonata in D Major K.284
Mozart,Sonata in D major K.311
Mozart,Sonata in D major K.576
Mozart,Sonata in E Major K.381
Mozart,Sonata in E-flat major K.282
Mozart,sonata in F Major K 332
Mozart,Sonata in F Major K. 332
Mozart,Sonata in F Major K.280
Mozart,Sonata in F Major K.332
Mozart,Sonata in F major K.533/494
Mozart,Sonata in G Major K. 283
Mozart,Sonata in G major K.283
Mozart,Sonata No.9 in D Major K. 311
Mozart,Sonatensatz in G minor K.312
Mozart,Twelve Variations in C major onAh vous dirai-je Maman K.265
Mozart,Twelve Variations on a Minuet of J.C. Fischer K. 179
Mozart,Variations on a theme by Paisiello KV 398
Mozart,"Variations on Gluck's ""Unser dummer Pobel meint "" K. 455"
Muczynski,Toccata Op.15
Musorgsky,Pictures at an Exhibition
Mussorgsky,Pictures at an Exhibition
Musto,Improvisation & Fugue
NaN,NaN
Persichetti,Sonata No.3 Op.22
Poulenc,Caprice italien from Napoli
Poulenc,Thème variE
Prokofiev,4 Etudes Op.2
Prokofiev,Etude in C Minor Op.2 No.3
Prokofiev,Etude in D Minor Op.2 No.1
Prokofiev,Etude in E Minor Op.2 No.2
Prokofiev,Etude Op.52 No.3
Prokofiev,Four Etudes Op.2
Prokofiev,Four Pieces for Piano Op.2
Prokofiev,From Romeo and Juliet Suite Op.75: Father Lorenzo Masks Montagues and Capulets Mercutio Romeo Bids Juliet Farewell
Prokofiev,Intermezzo Op.52 No.1
Prokofiev,Piano Concerto No.1 in D-flat Major Op.10
Prokofiev,Piano Concerto No.2 in G Minor Op.16
Prokofiev,Piano Concerto No.3 in C Major Op.26
Prokofiev,Piano Concerto No.6 in G Minor Op.16
Prokofiev,Pianoconcerto No.in C majorOp.26
Prokofiev,Prelude from Six Pieces on a Single Theme
Prokofiev,Romeo and Juliet Before Parting Op.75 No.10
Prokofiev,Sarcasms Op.17
Prokofiev,SarcasmsOp.17
Prokofiev,Scherzo Op.12 No.10
Prokofiev,Scherzo Op.52 No.6
Prokofiev,Six pieces from 10 Pieces Op.12 (‚Ññ‚Ññ 1 3 6 7 9 10)
Prokofiev,Sonata 6 in A major Op.82
Prokofiev,Sonata No.2 in D Minor Op.14
Prokofiev,Sonata No.3 in A Minor Op.28
Prokofiev,Sonata No.4 in C Minor Op.29
Prokofiev,Sonata No.6 in A major Op.82
Prokofiev,sonata No.7 B-flat major Op.83
Prokofiev,Sonata No.7 in B-flat Major Op.83
Prokofiev,Sonata No.8 in B-flat Major Op.84
Prokofiev,Suggestion diabolique Op.4 No.4
Prokofiev,Ten Pieces from Romeo and Juliet Op.75
Prokofiev,Ten Pieces Op.12
Prokofiev,Toccata in D Minor Op.11
Prokofiev,Visions fugitives Op.22
Prokofiev,Visions Fugitives Op.22 Nos. 1-8 11 14 16 19 20
Prokofiev,Waltz from War and Peace Op.96 No.1
Prokofiev-Chiu,Selections from Lieutenant KijESymphonic Suite Op.60 (Romance KijE's Wedding Troika KijE's Burial)
Purcell,New Ground
Purcell,Suite in C Major Z.666
Quan Ji Hao,Combination of Long and Short
Rachaminoff,etude-tableau in E-flat minor Op.33 No.6
Rachaminoff,etude-tableau in F-sharp minor Op.39 No.3
Rachmaninoff,13 Preludes Op.32
Rachmaninoff,Barcarolle Op.10
Rachmaninoff,Etude in F-sharp minor Op.39 No.3
Rachmaninoff,Etudes-tableau in A Minor Op.39 No.6
Rachmaninoff,Etudes-tableau in B Minor Op.39 No.4
Rachmaninoff,Etudes-tableau in D Minor Op.33 No.5
Rachmaninoff,Etudes-tableaux Op.33
Rachmaninoff,Etudes-tableaux Op.39
Rachmaninoff,Etude-tableau A minor Op.39 No.6
Rachmaninoff,Etude-Tableau in A minor Op.39 No.2
Rachmaninoff,Etude-tableau in A minor Op.39 No.4
Rachmaninoff,Etude-tableau in A minor Op.39 No.6
rachmaninoff,Etude-tableau in B minor Op.39 No.4
Rachmaninoff,Etude-tableau in C major Op.33 No.2
Rachmaninoff,Etude-tableau in C major Op.39 No.9
Rachmaninoff,Etude-tableau in C Minor Op.33 No.3
Rachmaninoff,Etude-tableau in C minor Op.33 No.8
Rachmaninoff,Etude-Tableau in C minor Op.39 No.1
Rachmaninoff,Etude-tableau in C minor Op.39 No.2
Rachmaninoff,Etude-tableau in C minor op.39 no.3
Rachmaninoff,etude-tableau in C minor Op.39 no.7
Rachmaninoff,Etude-tableau in C-sharp minor Op.33 No.9
Rachmaninoff,Etude-tableau in D major Op.39 No.3
Rachmaninoff,Etude-tableau in D Major Op.39 No.9
Rachmaninoff,Etude-tableau in D minor op 39 No.8
Rachmaninoff,etude-tableau in D minor Op.33 No.4
Rachmaninoff,Etude-Tableau in D minor Op.39 No.8
Rachmaninoff,Etude-tableau in D minor op.39 no.9
Rachmaninoff,Etude-tableau in E minor Op.39 No.5
Rachmaninoff,Etude-tableau in E-flat major Op.33 No.2
Rachmaninoff,Etude-Tableau in E-flat major Op.33 No.7
Rachmaninoff,Etude-tableau in E-flat Minor Op.33 No.4
Rachmaninoff,Etude-tableau in E-flat minor Op.33 No.5
Rachmaninoff,Etude-tableau in E-flat Minor Op.33 No.6
Rachmaninoff,Etude-tableau in E-flat minor Op.39 No.1
Rachmaninoff,Etude-Tableau in E-flat minor Op.39 No.5
Rachmaninoff,Etude-tableau in F Minor Op.33 No.1
Rachmaninoff,Etude-Tableau in F-sharp minor Op.39 No.3
Rachmaninoff,Etude-tableau in G Minor Op.33 No.8
Rachmaninoff,Etude-tableau in G minor Op.39 No.6
Rachmaninoff,Humoresque op.10 no.5
Rachmaninoff,Kreisleriana Op.16
Rachmaninoff,Lilacs Op.21 No.5
Rachmaninoff,Moment musical in B-flat minor Op.16 No.1
Rachmaninoff,Moment musical in E minor Op.16 No.4
Rachmaninoff,Moment musicalin B Minor Op.16 No.3
Rachmaninoff,Moments musicaux Op.16
Rachmaninoff,Piano Concerto No.1 in F-sharp Minor Op.1
Rachmaninoff,Piano Concerto No.2 in C Minor Op.18
Rachmaninoff,Piano Concerto No.3 in D Minor Op.30
Rachmaninoff,Polichinelle op.3 no.4
Rachmaninoff,Polka de W.R.
Rachmaninoff,Prelude in B Minor Op.32 No.10
Rachmaninoff,Prelude in B-flat Major Op.23 No.2
Rachmaninoff,Prelude in C Major Op.32 No.1
Rachmaninoff,Prelude in C Minor Op.23 No.7
Rachmaninoff,Prelude in D Major Op.23 No.4
rachmaninoff,Prelude in D Minor Op.23 No.3
rachmaninoff,Prelude in D-flat Major Op.32 No.13
rachmaninoff,Prelude in E Minor Op.32 No.4
Rachmaninoff,Prelude in E-flat Major Op.23 No.9
Rachmaninoff,Prelude in F Major Op.32 No.7
rachmaninoff,Prelude in F Minor Op.32 No.6
Rachmaninoff,Prelude in G Major Op.32 No.5
Rachmaninoff,Prelude in G Minor Op.23 No.5
Rachmaninoff,Prelude in G-flat major Op.23 No.10
Rachmaninoff,Prelude in G-sharp Minor Op.32 No.12
Rachmaninoff,Rhapsody on a Theme of Paganini Op.43
Rachmaninoff,Scène dansante: Invitation au trepak Op.72 No.18
Rachmaninoff,Sonata No.1 in D Minor Op.28
Rachmaninoff,Sonata No.2 in B-flat Minor Op.36
rachmaninoff,Ten Preludes Op.23
rachmaninoff,�tudes-tableaux Op.33
Rachmaninoff,Variations on a Theme by Chopin Op.22
Rachmaninoff,Variations on a Theme of Corelli Op.42
Rachmaninoff-Horowitz,Sonata No.2 in B-flat Minor Op.36
Rameau,"""Le Rappel des Oiseaux"" from Suite in E Minor RCT 2"
Rameau,"""L'Entretien des Muses "" ""Les tourbillons "" and ""La joyeuse"" from Suite in D Major RCT 3"
Rameau,"""Musette en rondeau"" from Suite in E Minor RCT 2"
Rameau,Suite in A Minor
Ravel,Alborada del gracioso from Miroirs
Ravel,Gaspard de la nuit
Ravel,Jeux d'eau
Ravel,La vallEe des cloches from Miroirs
Ravel,La Valse
Ravel,Le Tombeau de Couperin
Ravel,Menuet FromLe Tombeau de Couperin
Ravel,Miroirs
Ravel,Noctuelles from Miroirs
Ravel,Oiseaux tristes from Miroirs
Ravel,Ondine from Gaspard de la nuit
Ravel,Ondine fromGaspard de la nuit
Ravel,Pavane pour une infante dEfunte
Ravel,Piano Concerto for the Left Hand
Ravel,Piano Concerto for the Left Hand in D Major
Ravel,Piano Concerto in G Major
Ravel,Piano Concerto No.1 in G major
Ravel,Prelude from Le tombeau de Couperin
Ravel,Scarbo from Gaspard de la nuit
Ravel,Sonata (1926)
Ravel,Toccata FromLe Tombeau de Couperin
Ravel,Une barque sur l'ocEan from Miroirs
Ravel,Une barque sur l'ocEanfromMiroirs
Ravel,Valses nobles et sentimentales
Rechtman,Fantasia
Respighi,Notturno
Roussel,Etude Op.16
Ruth Schonthal,Sonata quasi un'improvvisazione
Rzewski,Winnsboro Cotton Mill Blues
Saint-Saëns,Etude en forme de valse (fromSix Etudes Op.52)
Saint-Saëns,Piano Concerto No.2 in G minor Op.22
Saint-Saëns,Piano Concerto No.5 in F Major Op.103
Saint-Saëns,"Piano Concerto No.5 in F Major Op.103 (""Egyptian"")"
Saint-Saëns/Liszt-Horowitz,Danse Macabre
Saint-Saëns-Liszt,Dance macabre
Scarlatti,Sonata in A Major K. 212
Scarlatti,Sonata in A Major K.208
Scarlatti,Sonata in A Major K.212
Scarlatti,Sonata in A Major K.39
Scarlatti,Sonata in A major L.345
Scarlatti,Sonata in A major L.391
Scarlatti,Sonata in A Major L135
Scarlatti,Sonata in B Minor K. 197
Scarlatti,Sonata in B Minor K. 27
Scarlatti,Sonata in B Minor K. 87
Scarlatti,Sonata in B minor K.197
Scarlatti,Sonata in B minor K.27
Scarlatti,Sonata in B Minor K.87
Scarlatti,Sonata in B minor L.33
Scarlatti,Sonata in B minor L.449
Scarlatti,Sonata in B-flat Major K. 503
Scarlatti,Sonata in B-flat major L.498
Scarlatti,Sonata in C major L.1
Scarlatti,Sonata in C major L.104
Scarlatti,Sonata in C Minor K. 11
Scarlatti,Sonata in C minor L.402
Scarlatti,Sonata in D major K. 29
Scarlatti,Sonata in D major K. 492
Scarlatti,Sonata in D major K.145
Scarlatti,Sonata in D Major K.96
Scarlatti,Sonata in D major L.122
Scarlatti,Sonata in D major L.262
Scarlatti,Sonata in D major L.417
Scarlatti,Sonata in D major L.465
Scarlatti,Sonata in D major L14
Scarlatti,Sonata in D Minor K. 141
Scarlatti,Sonata in D Minor K. 213
Scarlatti,Sonata in D Minor K. 9
Scarlatti,Sonata in D Minor K.1
Scarlatti,Sonata in D minor K.141
Scarlatti,Sonata in D Minor K.213
Scarlatti,Sonata in D Minor K.32
Scarlatti,Sonata in D Minor K.77
Scarlatti,Sonata in D Minor K.9
Scarlatti,Sonata in D Minor L. 366
Scarlatti,Sonata in D minor L.366
Scarlatti,Sonata in D minor L.422
Scarlatti,Sonata in D minor L.423
Scarlatti,Sonata in E Major K. 135
Scarlatti,Sonata in E major K. 380
Scarlatti,Sonata in E major K.135
Scarlatti,Sonata in E Major K.20
Scarlatti,Sonata in E Major K.380
Scarlatti,Sonata in E-flat major L.17
Scarlatti,Sonata in F major K.151
Scarlatti,Sonata in F major K.17
Scarlatti,Sonata in F major K.183
Scarlatti,Sonata in F Minor K. 466
Scarlatti,Sonata in F minor K. 481
Scarlatti,Sonata in F minor K.387
Scarlatti,Sonata in F minor K.466
Scarlatti,Sonata in F minor L.118
Scarlatti,Sonata in F minor L.187
Scarlatti,Sonata in F-sharp major K. 319
Scarlatti,Sonata in G Major K. 13
Scarlatti,Sonata in G Major K. 146
Scarlatti,Sonata in G Major K. 455
Scarlatti,Sonata in G Major K.125
Scarlatti,Sonata in G major K.146
Scarlatti,Sonata in G major K.432
Scarlatti,Sonata in G major K.454
Scarlatti,Sonata in G major L.286
Scarlatti,Sonata in G major L.349
Scarlatti,Sonata in G minor K. 8
Scarlatti,Sonata in G Minor K.426
Scarlatti,Sonata in G Minor K.476
Scarlatti,Sonata in G minor K.8
Scarlatti,Sonata in G minor L.98
Scarlatti,Sonata in Gmajor K. 13
Scarlatti,Three Sonatas
Schoenberg,Drei Klavierstucke Op.11
Schoenberg,Klavierstucke Op.11
Schoenberg,Six Little Piano Pieces Op.19
Schoenberg,Three Piano Pieces Op.11
Schubert,Allegretto in C Minor D. 915
Schubert,Drei Klavierstucke D. 946
Schubert,Drei Klavierstucke D.946
Schubert,"Fantasie in C major op.15 ""Wanderer"""
Schubert,Four Impromptus Op.142
Schubert,Four Impromptus Op.90
Schubert,Impromptu in A-flat Major Op.142 No.2
Schubert,Impromptu in B-flat Major Op.142 No.3
Schubert,Impromptu in F minor Op.142 No.1
Schubert,Impromptu in F Minor Op.142 No.4
Schubert,Impromptu in G-flat Major Op.90 No.3
Schubert,Klavierstuck in E-flat Major D.946 No.2
Schubert,Klavierstuck No.1 in E-flat Minor D.946
Schubert,Moments musicaux D.780
Schubert,Sonata in A Major D. 959
Schubert,Sonata in A Major D.664
Schubert,Sonata in A major D.959
Schubert,Sonata in A major Op.120
Schubert,Sonata in A minor D. 784
Schubert,Sonata in A Minor D.537
Schubert,Sonata in A Minor D.784
Schubert,Sonata in A Minor D.845
Schubert,Sonata in A minor Op.143
Schubert,Sonata in B-flat Major D. 960
Schubert,Sonata in B-flat Major D.960
Schubert,Sonata in C minor D. 958
Schubert,Sonata in C Minor D.958
Schubert,Sonata in D Major D. 850
Schubert,Sonata in D Major D.850
Schubert,Sonata in E-flat Major D.568
Schubert,Sonata in G major D.894
Schubert,Variation on a Waltz by Diabelli D. 718
Schubert-Liszt,Auf dem Wasser zu singen
Schubert-Liszt,Aufenthalt
Schubert-Liszt,Der Muller und der Bach
Schubert-Liszt,DerMullerundderBach
Schubert-Liszt,Du bist die Ruh
Schubert-Liszt,Erlkonig
Schubert-Liszt,Gretchen am Spinnrade
Schubert-Liszt,Ihr Bild
Schubert-Liszt,Liebesbotschaf
Schubert-Liszt,Litanei auf das Fest Aller Seelen
Schubert-Liszt,Sei mir gegrusst
Schubert-Liszt,SoirEe de Vienne No.6
Schubert-Liszt,Ständchen
Schulhof,Charleston Chanson Tango and Toccata from Cinq etudes deJazz Op.58/1 3 4 and 5
Schulz-Evler,Concert Arabesques on Waltzes from J. Strauss The Blue Danube
Schuman,Chester: Variations for Piano
Schumann,Allegro in B Minor Op.8
Schumann,Arabesque in C Major Op.18
Schumann,Blumenstuck Op.19
Schumann,Bunte Blätter op.99 nos.2 3 4 5 6
Schumann,Carnaval Op.9
Schumann,Davidsbundlertänze Op.6
Schumann,Fantasiestucke Op.12
Schumann,Fantasy in C Major Op.17
Schumann,Faschingsschwank aus Wien Op.26
Schumann,Five Album Leaves
Schumann,Gesänge der Fruhe op.133 nos.1 and 2
Schumann,Humoreske in B-flat Major Op.20
Schumann,Humoresque in B-flat major Op.20
Schumann,Kinderszenen Op.15
Schumann,Kreisleriana Op.16
Schumann,Novelette in D Major Op.21 No.2
Schumann,Novelette in F-sharp Minor Op.21 No.8
Schumann,Novelette No.1 in F Major Op.21
Schumann,Piano Concerto in A Minor Op.54
Schumann,Piano Quartet in E-flat major Op.47
Schumann,Piano Quintet in E-flat Major Op.44
Schumann,Prelude from Novelletten
Schumann,Sonata No.1 in F-sharp Minor Op.11
Schumann,Sonata No.2 in G minor Op.22
Schumann,Sonata No.3 in F Minor Op.14
Schumann,Symphonic Etudes Op.13
Schumann,Three Little PiecesfromBunte Blätter Op.99
Schumann,Three Romances Op.28
Schumann,Toccata in C major Op.7
Schumann,"Variations on the name ""Abegg "" Op.1"
Schumann,Waldszenen Op.82
Schumann-Liszt,Widmung
Scriabin,Etude C-sharp minor Op.42 No.5
Scriabin,Etude in B-flat Minor Op.8 No.11
Scriabin,Etude in C-sharp Minor Op.2 No.1
Scriabin,Etude in C-sharp minor Op.42 No.5
Scriabin,Etude in D-flat Major Op.8 No.10
Scriabin,Etude in D-sharp Minor Op.8 No.12
Scriabin,Etude in F-sharp major Op.42 No.4
Scriabin,Etude in F-sharp minor Op.42 No.3
Scriabin,Etude in F-sharp Minor Op.8 No.2
Scriabin,Etude in G major Op.65 No.3
Scriabin,Etudes Op.8 (not No.1)
Scriabin,Fantasy in B minor Op.28
Scriabin,Feuillet d' album' op.45 No.1; Etude No.8 A-flat major Op.8;
Scriabin,Mazurka in E Minor Op.25 No.3
Scriabin,Mazurka Op.3 No.1
Scriabin,Nocturne for the Left Hand Op.9 No.2
Scriabin,Piano Concerto in F-sharp minor Op.20
Scriabin,Poem in F-sharp Major Op.32 No.1
Scriabin,Poeme in F-sharp major Op.32 No.1
Scriabin,Prelude No.1 in C Major
Scriabin,Prelude No.11 in B Major
Scriabin,Prelude No.12 in G-sharp Minor
Scriabin,Prelude No.14 in E-flat Minor
Scriabin,Prelude No.2 in A Minor
Scriabin,Prelude No.3 in G-flat Major Op.16
Scriabin,Prelude No.4 in E-flat Minor Op.16
Scriabin,Prelude No.6 in B Minor
Scriabin,Prelude No.8 in F-sharp Minor
Scriabin,Preludes No.2 in G-sharp minor op.16
Scriabin,Satanic Poem Op.36
Scriabin,Sonata in C minor
Scriabin,Sonata No.10 Op.70
Scriabin,"Sonata No.2 in G-sharp Minor Op.19 (""Sonata-Fantasy"")"
Scriabin,Sonata No.3 in F-sharp Minor Op.23
Scriabin,Sonata No.4 in F-sharp Major Op.30
Scriabin,Sonata No.5 in f-sharp major Op.53
Scriabin,"Sonata No.7 Op.64 ""White Mass"""
Scriabin,"Sonata No.9 Op.68 ""Black Mass"""
Scriabin,"SonataNo.2inG-sharpMinorOp.19(""Sonata-Fantasy"")"
Scriabin,"SonataNo.7Op.64""WhiteMass"""
Scriabin,Three Etudes Op.65
Scriabin,Three Pieces for piano Op.45
Scriabin,Three Pieces Op.45
Scriabin,Two Poems Op.32
Scriabin,Valse in A-flat major Op.38
Scriabin,Valse in A-flat MajorOp.38
Scriabin,Valse Op.38
Scriabin,Vers la flamme Op.72
Sebastian Currier,Scarlatti Cadences & Brainstorm
Sebastian Currier,Scarlatti Cadences + Brainstorm
Sessions,Sonata No.1
Shamo,Trojka Op.2
Shchedrin,Prelude and Fugue in E-flat Minor
Shohat,Tragedy
Shostakovich,Piano Concerto No.1 in C Minor Op.35
Shostakovich,Piano Concerto No.2 in F major Op.102
Shostakovich,Prelude and Fugue in A Major Op.87 No.7
Shostakovich,Prelude and Fugue in B-flat Major Op.87 No.21
Shostakovich,Prelude and Fugue in D Minor Op.87 No.24
Shostakovich,Prelude and Fugue in D-flat Major Op.87 No.15
Shostakovich,Preludes 1-12 from24 Preludes Op.34
Shostakovich,Sonata No.1 Op.12
Shostakovich,Sonata No.2 Op.61
Shostakovich,Twenty-four Preludes for Piano Op.34: Nos. 1 2 5 6 9 10 13-17 and 24
Shostakovich,Twenty-Four Preludes Op.34
Sibelius,Valse triste Op.44
Sibelius,Valse triste Op.44 No.1
Smetana,Czech Dance No.7:Hulan (The Lancer)
Smetana,Czech Dances: Furiant Hulan Skočna
Sokolovskaya,Eight Variations on a Theme of Paganini
Soler,Sonata in F Major R.89
Soler,Sonata in F-sharp Major R.90
Soler,Sonata No.72 in the Dorian Mode
Soler,Sonata No.84 in D Major
Stockhausen,Klavierstucke Nos. 5 and 9
Strauss-Godowsky,Symphonic Metamorphosis on Die Fledermaus
Strauss-Grainger,"""Ramble on the Last Love-duet"" fromDer Rosenkavalier"
Stravinsky,Etude No.4 in F-sharp major
Stravinsky,Etude No.4 Op.7
Stravinsky,Etude Op.7 No.4
Stravinsky,Firebird Suite
Stravinsky,Four Etudes Op.7
Stravinsky,Piano-Rag-Music
Stravinsky,Sonata (1924)
Stravinsky,Trois mouvements de Petrouchka
Stravinsky,TroismouvementsdePetrouchka
Stravinsky-Agosti,Firebird Suite
Svetlanov,Moderato (No.1) and Vesnyanki (No.9) from 12 Preludes
Szymanowski,Etude in B-flat Minor Op.4 No.3
Szymanowski,Mazurka Op.50 No.1 in G major
Szymanowski,Mazurka Op.50 No.2 in A-flat Major
Szymanowski,Mazurka Op.50 No.3 in C-sharp minor
Szymanowski,SErEnade de Don Juan(fromMasques Op.34)
Szymanowski,Variations in B-flat minor Op.3
Takemitsu,Litany II
Takemitsu,Rain Tree Sketch I
Takemitsu,Rain Tree Sketch I & II
Takemitsu,Rain Tree Sketch II
Taneyev,Prelude and Fugue in G-sharp minor Op.29
Tchaikovsky,April
Tchaikovsky,August
Tchaikovsky,Aveu Passionne
Tchaikovsky,Berceuse Op.72 No.2
Tchaikovsky,Chant elegiaque Op.72 No.14
Tchaikovsky,Danse caracteristique Op.72 No.4
Tchaikovsky,December
Tchaikovsky,Dialogue Op.72 No.8
Tchaikovsky,Dumka Op.59
Tchaikovsky,Echo rustique Op.72 No.13
Tchaikovsky,Echo rustique op.72 No.14
Tchaikovsky,February
Tchaikovsky,Fugue from Six Pieces on a Single Theme
Tchaikovsky,Grand Sonata in G Major Op.37
Tchaikovsky,Grand sonata in G major Op.37: Movement I
Tchaikovsky,Grand sonata in G major Op.37: Movement II
Tchaikovsky,Humoresque Op.10 No.2
Tchaikovsky,Impromptu from Six Pieces on a Single Theme
Tchaikovsky,Impromptu Op.1 No.2
Tchaikovsky,Impromptu Op.72 No.1
Tchaikovsky,July
Tchaikovsky,June
Tchaikovsky,March
Tchaikovsky,March; Sugar Plum Fairy; Tarantella; Trepak
Tchaikovsky,Marche funèbre from Six Pieces on a Single Theme
Tchaikovsky,May
Tchaikovsky,MEditation Op.72 No.5
Tchaikovsky,Natha Valse Op.51 No.4
Tchaikovsky,Nocturne F major Op.10 No.1
Tchaikovsky,Nocturne in F major Op.10 No.1
Tchaikovsky,Nocturne Op.19 No.4
Tchaikovsky,November
Tchaikovsky,October
Tchaikovsky,Passe lointain Op.72 No.17
Tchaikovsky,Piano Concerto No.1 in B-flat Minor Op.23
Tchaikovsky,Piano Concerto No.2 in G major Op.44
Tchaikovsky,Pianoconcerto No.1 in B-flat minor Op.23
Tchaikovsky,Polka Op.51 No.2
Tchaikovsky,Prelude from Six Pieces on a Single Theme
Tchaikovsky,Romance in f major Op.51 No.5
Tchaikovsky,Romance in F Minor Op.5
Tchaikovsky,Romance Op.16 No.1
Tchaikovsky,Scène dansante. Invitation au trepak Op.72 No.18
Tchaikovsky,Scène dansante: Invitation au trepak Op.72 No.18
Tchaikovsky,Scherzo a la Russe Op.1 No.1
Tchaikovsky,Scherzo Fantasy Op.72 No.10
Tchaikovsky,Scherzo from Six Pieces on a Single Theme
Tchaikovsky,"Scherzo from Symphony No.6 ""PathEtique"""
Tchaikovsky,Scherzo Humoresque Op.19 No.2
Tchaikovsky,sonata in C-sharp minor Op.posth. 80
Tchaikovsky,Tendres reproches Op.72 No.3
Tchaikovsky,The Seasons Op.37:
Tchaikovsky,Theme and Variations in F major Op.19 No.6
Tchaikovsky,Un poco di Chopin Op.72 No.15
Tchaikovsky,Valse a cinq temps Op.72 No.16
Tchaikovsky,Valse de salon Op.51 no.1
Tchaikovsky,Valse sentimentale Op.51 No.6
Tchaikovsky,Variations in F major Op.19 No.6
Tchaikovsky-Feinberg,"Scherzo from Symphony No.6 ""PathEtique"""
Tchaikovsky-Feinberg,"ScherzofromSymphonyNo.6""PathEtique"""
Tchaikovsky-Pabst,Concert Paraphrase onEugene Onegin
Tchaikovsky-Pletnev,Adagio from Sleeping Beauty
Tchaikovsky-Pletnev,Andante maestoso from Concert Suite from the Nutcracker
Tchaikovsky-Pletnev,Concert Suite from The Nutcracker
Tchaikovsky-Pletnev,Concert Suite fromThe Nutcracker
Tchaikovsky-Pletnev,Excerpts fromThe Sleeping Beauty: Introduction; Danse des pages; Vision d'aurore; Andante; La fEe d'argent; Le chat bottE et la chatte blanche; Le canari qui chante; Adagio; Finale
Tchaikovsky-Pletnev,Five pieces from Concert Suite from The Sleeping Beauty : Prologue / Dance of Pages / Vision / Fairy of Silver / Adagio
Tchaikovsky-Pletnev,Pas de deux from Concert Suite fromThe Nutcracker
Tchaikovsky-Pletnev,Pas de deux fromConcert Suite from The Nutcracker
Tchaikovsky-Pletnev,Russian Dance-Trepak from Concert Suite fromThe Nutcracker
Tchaikovsky-Pletnev,Selections from 'Nutcracker Suite' Op.71
Tchaikovsky-Pletnev,Suite from the Ballet 'The Sleeping Beauty'
Tchaikovsky-Wild,Dance of the four swans from 'Swan Lake' Suite Op.20
Theofanidis,Birichino
Tippett,Sonata no.2
Trenet-Weissenberg,En avril a Paris
Verdi-Liszt,"Danza sacra e duetto finale di ""Aida"""
Verdi-Liszt,Paraphrase of Rigoletto
Villa-Lobos,Choros No.5 from Alma Brasileira
Villa-Lobos,Ciclo Brasileiro: Impressões Seresteiras
Villa-Lobos,Minstrel Impressions
Vine,Five Bagatelles
Vine,Sonata No.1
Wagner-Liszt,Isolde's Liebestod
Wagner-Liszt,Liebestod
Wagner-Liszt,Overture fromTannhäuser
Wagner-Liszt,Overture to Tannhäuser
Wagner-Liszt,SpinnerliedfromDer fliegende Holländer
Wagner-Liszt,Tannhauser Overture
Wild,Hommage a Poulenc
Yuri Blinov,Impromptu and Fugue